code,province_en,province_zh,corn_10kt,year,source_type,source_note
BJ,Beijing,北京,39.7,2025,release,"Beijing Survey Office of NBS, 2025年北京市粮食生产情况, 16 Dec 2025 (tjj.beijing.gov.cn)"
TJ,Tianjin,天津,128.8,2025,release,"Tianjin Rural Affairs Commission figure via 津滨网, 23 Dec 2025 (agri.cn reprint)"
HE,Hebei,河北,2097.58,2024,ceic,"NBS 2024 figure via CEIC (Farm Crops: Grain: Corn: Yield: Hebei, 20,975.827 thousand tonnes), viewed 1 Oct 2026. The Hebei 2025 bulletin (13 Apr 2026) does not state corn output."
SX,Shanxi,山西,1040.9,2025,ceic,"NBS 2025 figure via CEIC (Farm Crops: Grain: Corn: Yield: Shanxi, 10,409.000 thousand tonnes), viewed 1 Oct 2026. The Shanxi 2025 bulletin (25 Mar 2026) gives corn area only."
NM,Inner Mongolia,内蒙古,3363.9,2025,release,"Inner Mongolia 2025 statistical bulletin (Apr 2026)"
LN,Liaoning,辽宁,2066.4,2025,release,"Liaoning 2025 statistical bulletin, 31 Mar 2026"
JL,Jilin,吉林,3543.91,2025,release,"Jilin 2025 statistical bulletin (Apr 2026)"
HL,Heilongjiang,黑龙江,4735.7,2025,release,"Heilongjiang 2025 statistical bulletin, 31 Mar 2026"
SH,Shanghai,上海,0.42,2024,ceic,"NBS 2024 figure via CEIC (Farm Crops: Grain: Corn: Yield: Shanghai, 4.154 thousand tonnes), viewed 1 Oct 2026. The Shanghai 2025 bulletin (30 Mar 2026) does not state corn output."
JS,Jiangsu,江苏,295.18,2024,ceic,"NBS 2024 figure via CEIC (Farm Crops: Grain: Corn: Yield: Jiangsu, 2,951.761 thousand tonnes), viewed 1 Oct 2026. The Jiangsu 2025 bulletin (19 Mar 2026) does not state corn output."
ZJ,Zhejiang,浙江,9.07,2024,ceic,"NBS 2024 figure via CEIC (Farm Crops: Grain: Corn: Yield: Zhejiang, 90.690 thousand tonnes), viewed 1 Oct 2026. The Zhejiang 2025 bulletin (3 Mar 2026) does not state corn output."
AH,Anhui,安徽,657.58,2024,ceic,"NBS 2024 figure via CEIC (Farm Crops: Grain: Corn: Yield: Anhui, 6,575.836 thousand tonnes), viewed 1 Oct 2026. The Anhui 2025 bulletin (19 Mar 2026) does not state corn output."
FJ,Fujian,福建,16.99,2024,ceic,"NBS 2024 figure via CEIC (Farm Crops: Grain: Corn: Yield: Fujian, 169.911 thousand tonnes), viewed 1 Oct 2026. The Fujian 2025 bulletin (19 Mar 2026) does not state corn output."
JX,Jiangxi,江西,28.23,2024,ceic,"NBS 2024 figure via CEIC (Farm Crops: Grain: Corn: Yield: Jiangxi, 282.300 thousand tonnes), viewed 1 Oct 2026. The Jiangxi 2025 bulletin (27 Mar 2026) does not state corn output."
SD,Shandong,山东,2722.7,2024,ceic,"NBS 2024 figure via CEIC (Farm Crops: Grain: Corn: Yield: Shandong, 27,227.037 thousand tonnes), viewed 1 Oct 2026. The Shandong 2025 bulletin (3 Mar 2026) does not state corn output."
HA,Henan,河南,2294.19,2025,release,"Henan 2025 statistical bulletin, 16 Apr 2026"
HB,Hubei,湖北,311.43,2025,release,"Hubei 2025 statistical bulletin, 18 Mar 2026 (flash figure)"
HN,Hunan,湖南,240.55,2024,ceic,"NBS 2024 figure via CEIC (Farm Crops: Grain: Corn: Yield: Hunan, 2,405.523 thousand tonnes), viewed 1 Oct 2026. The Hunan 2025 bulletin (25 Mar 2026) does not state corn output."
GD,Guangdong,广东,65.55,2024,ceic,"NBS 2024 figure via CEIC (Farm Crops: Grain: Corn: Yield: Guangdong, 655.505 thousand tonnes), viewed 1 Oct 2026. The Guangdong 2025 bulletin (31 Mar 2026) gives corn area only."
GX,Guangxi,广西,281.4,2025,release,"Guangxi 2025 statistical bulletin, 9 Apr 2026"
HI,Hainan,海南,0,,none,"NBS lists no corn output for Hainan. CEIC's NBS series for Hainan ends at 0 in 2017, and the other 30 provinces' 2024 figures already add up to the NBS national total (29,491.7), so Hainan is shown as 0."
CQ,Chongqing,重庆,265.3,2025,release,"Chongqing 2025 statistical bulletin, 26 Mar 2026"
SC,Sichuan,四川,1131.0,2025,release,"NBS Sichuan Survey Office, 226.2 yi jin (x 5 = 1131.0 wan tonnes), 19 Jan 2026 via 四川新闻网"
GZ,Guizhou,贵州,384.44,2025,release,"Guizhou 2025 statistical bulletin, 15 Apr 2026"
YN,Yunnan,云南,1088.33,2025,release,"Yunnan Provincial Bureau of Statistics and NBS Yunnan Survey Team, 2025年全省经济运行平稳向好 高质量发展扎实推进, 21 Jan 2026 (text read on a Sohu reprint). The Yunnan 2025 bulletin (31 Mar 2026) does not state corn output."
XZ,Tibet,西藏,3.08,2024,ceic,"NBS 2024 figure via CEIC (Farm Crops: Grain: Corn: Yield: Tibet, 30.816 thousand tonnes), viewed 1 Oct 2026. The Tibet 2025 bulletin (Mar 2026) does not state corn output."
SN,Shaanxi,陕西,662.23,2024,ceic,"NBS 2024 figure via CEIC (Farm Crops: Grain: Corn: Yield: Shaanxi, 6,622.310 thousand tonnes), viewed 1 Oct 2026. The Shaanxi 2025 bulletin (Apr 2026) does not state corn output."
GS,Gansu,甘肃,692.0,2025,ceic,"NBS 2025 figure via CEIC (Farm Crops: Grain: Corn: Yield: Gansu, 6,920.000 thousand tonnes), viewed 1 Oct 2026. The Gansu 2025 bulletin (23 Mar 2026) gives corn area only."
QH,Qinghai,青海,15.07,2025,ceic,"NBS 2025 figure via CEIC (Farm Crops: Grain: Corn: Yield: Qinghai, 150.700 thousand tonnes), viewed 1 Oct 2026. The Qinghai 2025 bulletin (28 Feb 2026) gives corn area only."
NX,Ningxia,宁夏,295.23,2025,release,"Ningxia 2025 statistical bulletin, 8 Apr 2026"
XJ,Xinjiang,新疆,1636.6,2025,release,"Xinjiang 2025 statistical bulletin, 20 Mar 2026"
